{
	"scene": [
		{
			"gridIndex": 91,
			"impassable": false,
			"rotation": 270.000000,
			"spriteName": "outside_dirt_01.png"
		},
		{
			"gridIndex": 92,
			"impassable": false,
			"rotation": 180.000000,
			"spriteName": "outside_dirt_01.png"
		}
],
"special": [
		{
			"gridIndex": 146,
			"rotation": 0.000000,
			"Type": "Player"
		},
		{
			"gridIndex": 154,
			"rotation": 180.000000,
			"Type": "Zombie"
		},
		{
			"gridIndex": 209,
			"rotation": 0.000000,
			"Type": "Pickup"
		}
],
"pathfinding": {	"waypoints": [
65, 
75, 
150, 
225, 
235],
"paths": {"150-225": [
150, 
149, 
168, 
187, 
206, 
225],"150-235": [
150, 
151, 
172, 
193, 
214, 
235],"150-65": [
150, 
149, 
128, 
107, 
86, 
65],"150-75": [
150, 
151, 
132, 
113, 
94, 
75],"225-150": [
225, 
226, 
207, 
188, 
169, 
150],"225-235": [
225, 
226, 
227, 
228, 
229, 
230, 
231, 
232, 
233, 
234, 
235],"225-65": [
225, 
205, 
185, 
165, 
145, 
125, 
105, 
85, 
65],"225-75": [
225, 
226, 
227, 
208, 
189, 
170, 
151, 
132, 
113, 
94, 
75],"235-150": [
235, 
234, 
213, 
192, 
171, 
150],"235-225": [
235, 
234, 
233, 
232, 
231, 
230, 
229, 
228, 
227, 
226, 
225],"235-65": [
235, 
234, 
233, 
212, 
191, 
170, 
149, 
128, 
107, 
86, 
65],"235-75": [
235, 
215, 
195, 
175, 
155, 
135, 
115, 
95, 
75],"65-150": [
65, 
66, 
87, 
108, 
129, 
150],"65-225": [
65, 
85, 
105, 
125, 
145, 
165, 
185, 
205, 
225],"65-235": [
65, 
66, 
67, 
88, 
109, 
130, 
151, 
172, 
193, 
214, 
235],"65-75": [
65, 
66, 
67, 
68, 
69, 
70, 
71, 
72, 
73, 
74, 
75],"75-150": [
75, 
74, 
93, 
112, 
131, 
150],"75-225": [
75, 
74, 
73, 
92, 
111, 
130, 
149, 
168, 
187, 
206, 
225],"75-235": [
75, 
95, 
115, 
135, 
155, 
175, 
195, 
215, 
235],"75-65": [
75, 
74, 
73, 
72, 
71, 
70, 
69, 
68, 
67, 
66, 
65]
}
}
}